{"meta": {"format": 3, "version": "7.11.3", "timestamp": "2025-11-13T19:52:04.132389", "branch_coverage": false, "show_contexts": false}, "files": {"greedy_boruta\\GreedyBoruta.py": {"executed_lines": [3, 11, 12, 13, 14, 15, 16, 19, 20, 192, 194, 195, 196, 197, 198, 199, 200, 201, 202, 204, 217, 219, 242, 244, 270, 271, 273, 274, 275, 281, 283, 285, 286, 287, 288, 290, 291, 292, 295, 296, 301, 304, 306, 307, 310, 311, 314, 316, 318, 319, 320, 323, 326, 329, 332, 335, 336, 339, 343, 346, 347, 348, 349, 351, 353, 354, 355, 359, 360, 364, 366, 368, 371, 372, 373, 374, 375, 378, 380, 382, 384, 386, 389, 391, 392, 393, 396, 400, 401, 404, 406, 409, 410, 411, 413, 415, 416, 417, 418, 420, 423, 425, 428, 429, 431, 432, 434, 436, 438, 440, 444, 447, 448, 452, 453, 454, 455, 461, 464, 466, 467, 468, 470, 471, 472, 476, 477, 481, 483, 484, 485, 487, 489, 490, 491, 493, 495, 496, 498, 500, 502, 503, 504, 505, 506, 508, 510, 511, 512, 513, 514, 516, 517, 518, 521, 522, 524, 527, 531, 534, 538, 540, 543, 544, 547, 548, 549, 551, 570, 571, 572, 573, 574, 576, 577, 578, 579, 581, 582, 583, 585, 586, 587, 588, 589, 591, 595, 596, 597, 599, 604, 605, 608, 611, 612, 613, 614, 615, 618, 619, 620, 621, 622, 623, 624, 628, 629, 630, 631, 632, 633], "summary": {"covered_lines": 209, "num_statements": 225, "percent_covered": 92.88888888888889, "percent_covered_display": "93", "missing_lines": 16, "excluded_lines": 0}, "missing_lines": [276, 277, 324, 397, 421, 426, 450, 456, 457, 462, 473, 474, 478, 479, 606, 609], "excluded_lines": [], "functions": {"GreedyBorutaPy.__init__": {"executed_lines": [194, 195, 196, 197, 198, 199, 200, 201, 202], "summary": {"covered_lines": 9, "num_statements": 9, "percent_covered": 100.0, "percent_covered_display": "100", "missing_lines": 0, "excluded_lines": 0}, "missing_lines": [], "excluded_lines": []}, "GreedyBorutaPy.fit": {"executed_lines": [217], "summary": {"covered_lines": 1, "num_statements": 1, "percent_covered": 100.0, "percent_covered_display": "100", "missing_lines": 0, "excluded_lines": 0}, "missing_lines": [], "excluded_lines": []}, "GreedyBorutaPy.transform": {"executed_lines": [242], "summary": {"covered_lines": 1, "num_statements": 1, "percent_covered": 100.0, "percent_covered_display": "100", "missing_lines": 0, "excluded_lines": 0}, "missing_lines": [], "excluded_lines": []}, "GreedyBorutaPy.fit_transform": {"executed_lines": [270, 271], "summary": {"covered_lines": 2, "num_statements": 2, "percent_covered": 100.0, "percent_covered_display": "100", "missing_lines": 0, "excluded_lines": 0}, "missing_lines": [], "excluded_lines": []}, "GreedyBorutaPy._validate_pandas_input": {"executed_lines": [274, 275], "summary": {"covered_lines": 2, "num_statements": 4, "percent_covered": 50.0, "percent_covered_display": "50", "missing_lines": 2, "excluded_lines": 0}, "missing_lines": [276, 277], "excluded_lines": []}, "GreedyBorutaPy._fit": {"executed_lines": [283, 285, 286, 287, 288, 290, 291, 292, 295, 296, 301, 304, 306, 307, 310, 311, 314, 316, 318, 319, 320, 323, 326, 329, 332, 335, 336, 339, 343, 346, 347, 348, 349, 351, 353, 354, 355, 359, 360, 364, 366, 368, 371, 372, 373, 374, 375, 378, 380, 382, 384, 386, 389, 391, 392, 393, 396, 400, 401, 404, 406, 409, 410, 411], "summary": {"covered_lines": 64, "num_statements": 66, "percent_covered": 96.96969696969697, "percent_covered_display": "97", "missing_lines": 2, "excluded_lines": 0}, "missing_lines": [324, 397], "excluded_lines": []}, "GreedyBorutaPy._transform": {"executed_lines": [415, 416, 417, 418, 420, 423, 425, 428, 429], "summary": {"covered_lines": 9, "num_statements": 11, "percent_covered": 81.81818181818181, "percent_covered_display": "82", "missing_lines": 2, "excluded_lines": 0}, "missing_lines": [421, 426], "excluded_lines": []}, "GreedyBorutaPy._compute_iterations_to_convergence": {"executed_lines": [432, 434, 436, 438, 440, 444, 447, 448], "summary": {"covered_lines": 8, "num_statements": 9, "percent_covered": 88.88888888888889, "percent_covered_display": "89", "missing_lines": 1, "excluded_lines": 0}, "missing_lines": [450], "excluded_lines": []}, "GreedyBorutaPy._get_tree_num": {"executed_lines": [453, 454, 455, 461, 464, 466, 467, 468], "summary": {"covered_lines": 8, "num_statements": 11, "percent_covered": 72.72727272727273, "percent_covered_display": "73", "missing_lines": 3, "excluded_lines": 0}, "missing_lines": [456, 457, 462], "excluded_lines": []}, "GreedyBorutaPy._get_imp": {"executed_lines": [471, 472, 476, 477, 481], "summary": {"covered_lines": 5, "num_statements": 9, "percent_covered": 55.55555555555556, "percent_covered_display": "56", "missing_lines": 4, "excluded_lines": 0}, "missing_lines": [473, 474, 478, 479], "excluded_lines": []}, "GreedyBorutaPy._get_shuffle": {"executed_lines": [484, 485], "summary": {"covered_lines": 2, "num_statements": 2, "percent_covered": 100.0, "percent_covered_display": "100", "missing_lines": 0, "excluded_lines": 0}, "missing_lines": [], "excluded_lines": []}, "GreedyBorutaPy._add_shadows_get_imps": {"executed_lines": [489, 490, 491, 493, 495, 496, 498, 500, 502, 503, 504, 505, 506], "summary": {"covered_lines": 13, "num_statements": 13, "percent_covered": 100.0, "percent_covered_display": "100", "missing_lines": 0, "excluded_lines": 0}, "missing_lines": [], "excluded_lines": []}, "GreedyBorutaPy._assign_hits": {"executed_lines": [510, 511, 512, 513, 514], "summary": {"covered_lines": 5, "num_statements": 5, "percent_covered": 100.0, "percent_covered_display": "100", "missing_lines": 0, "excluded_lines": 0}, "missing_lines": [], "excluded_lines": []}, "GreedyBorutaPy._do_tests": {"executed_lines": [517, 518, 521, 522, 524, 527, 531, 534, 538, 540, 543, 544, 547, 548, 549], "summary": {"covered_lines": 15, "num_statements": 15, "percent_covered": 100.0, "percent_covered_display": "100", "missing_lines": 0, "excluded_lines": 0}, "missing_lines": [], "excluded_lines": []}, "GreedyBorutaPy._fdrcorrection": {"executed_lines": [570, 571, 572, 573, 574, 576, 577, 578, 579, 581, 582, 583, 585, 586, 587, 588, 589], "summary": {"covered_lines": 17, "num_statements": 17, "percent_covered": 100.0, "percent_covered_display": "100", "missing_lines": 0, "excluded_lines": 0}, "missing_lines": [], "excluded_lines": []}, "GreedyBorutaPy._nanrankdata": {"executed_lines": [595, 596, 597], "summary": {"covered_lines": 3, "num_statements": 3, "percent_covered": 100.0, "percent_covered_display": "100", "missing_lines": 0, "excluded_lines": 0}, "missing_lines": [], "excluded_lines": []}, "GreedyBorutaPy._check_params": {"executed_lines": [604, 605, 608], "summary": {"covered_lines": 3, "num_statements": 5, "percent_covered": 60.0, "percent_covered_display": "60", "missing_lines": 2, "excluded_lines": 0}, "missing_lines": [606, 609], "excluded_lines": []}, "GreedyBorutaPy._print_results": {"executed_lines": [612, 613, 614, 615, 618, 619, 620, 621, 622, 623, 624, 628, 629, 630, 631, 632, 633], "summary": {"covered_lines": 17, "num_statements": 17, "percent_covered": 100.0, "percent_covered_display": "100", "missing_lines": 0, "excluded_lines": 0}, "missing_lines": [], "excluded_lines": []}, "": {"executed_lines": [3, 11, 12, 13, 14, 15, 16, 19, 20, 192, 204, 219, 244, 273, 281, 413, 431, 452, 470, 483, 487, 508, 516, 551, 591, 599, 611], "summary": {"covered_lines": 25, "num_statements": 25, "percent_covered": 100.0, "percent_covered_display": "100", "missing_lines": 0, "excluded_lines": 0}, "missing_lines": [], "excluded_lines": []}},